switch,5,,average,10.40745856
module,5,,,
architecture,17,,,
homogeneous,5,,,
3d,24,,,
fpgas,22,,,
novel,48,,,
synthesis,42,,,
algorithm,98,,,
reversible,22,,,
circuits,27,,,
optimization,92,,,
behavior,182,,,
substitutionbased,3,,,
circuit,18,,,
algorithms,39,,,
improvement,47,,,
fpgabased,4,,,
model,152,,,
emulation,4,,,
quantum,35,,,
reconfigurable,15,,,
hardware,9,,,
ip,4,,,
lookup,5,,,
cyclebased,4,,,
logic,23,,,
moving,21,,,
forward,5,,,
nonsearch,3,,,
toward,4,,,removed words (with value more than 200)
efficient,38,,,investigation
cnotbased,6,,,method
reducing,21,,,based
reconfiguration,5,,,using
time,52,,,effect
computing,14,,,study
systems,99,,,analysis
integrated,23,,,numerical
temporal,9,,,experimental
partitioning,3,,,
physical,25,,,
design,150,,,
framework,9,,,
functional,6,,,
unit,11,,,
adaptive,36,,,
dynamic,97,,,
extensible,5,,,
processor,5,,,
technique,27,,,
structure,50,,,
high,43,,,
resolution,4,,,
trojan,4,,,
detection,47,,,
algebraic,3,,,
characterization,14,,,
applications,19,,,
cellular,9,,,
learning,13,,,
automata,7,,,
evolutionary,8,,,
intrinsic,3,,,
evolution,8,,,
improving,21,,,
latency,3,,,
gate,8,,,
multidomain,3,,,
clock,8,,,
skew,6,,,
placement,15,,,
distribution,58,,,
network,54,,,
heterogeneous,4,,,
parallel,21,,,
implementation,17,,,
fpga,11,,,
box,6,,,
mitigate,4,,,
short,5,,,
faults,4,,,
srambased,3,,,
speed,17,,,
hierarchical,6,,,
layout,8,,,
generation,24,,,
fast,18,,,
evaluation,149,,,
thorough,3,,,
set,7,,,
metrics,7,,,
representation,4,,,
boolean,3,,,
functions,14,,,
power,95,,,
consumption,13,,,
routing,27,,,
variation,16,,,
leakage,8,,,
reduction,44,,,
analytical,57,,,
approach,87,,,
buffer,10,,,
insertion,9,,,
block,5,,,
planning,30,,,
large,21,,,
signal,8,,,
shifting,4,,,
oneway,11,,,
computation,17,,,
measurement,18,,,
patterns,6,,,
extracting,3,,,
performance,191,,,
timing,12,,,
yield,14,,,
enhancement,18,,,
space,7,,,
coarse,8,,,
grain,4,,,
congestion,22,,,
prediction,53,,,
metric,7,,,
definition,3,,,
estimation,43,,,
refinement,3,,,
designs,5,,,
simulator,5,,,
process,79,,,
multiple,21,,,
configurations,5,,,
soft,18,,,
contour,3,,,
plotting,3,,,
neural,44,,,
problem,18,,,
aging,3,,,
mitigation,7,,,
considering,51,,,
delay,18,,,
temperature,43,,,
graphbased,3,,,
protection,7,,,
active,24,,,
authentication,4,,,
acceleration,4,,,
comparing,9,,,
estimating,11,,,
resources,5,,,
simultaneous,20,,,
sizing,9,,,
scheduling,18,,,
statistical,20,,,
proposing,11,,,
estimate,5,,,
reduce,10,,,
vlsi,3,,,
TRUE,3,,,
routers,4,,,
intelligence,7,,,
memory,13,,,
usage,10,,,
kohonen,3,,,
map,6,,,
regular,5,,,
exact,4,,,
diagonal,4,,,
ring,9,,,
gates,8,,,
parameters,102,,,
tuning,3,,,
area,18,,,
fault,26,,,
tsv,3,,,
resource,10,,,
input,10,,,
chip,6,,,
master,4,,,
methodology,19,,,
improve,25,,,
closure,6,,,
complexity,3,,,
management,35,,,
ultra,3,,,
multiobjective,12,,,
uncertainty,12,,,
incorporating,5,,,
scheme,13,,,
retiming,3,,,
networks,39,,,
indexes,4,,,
decomposition,6,,,
hermitian,3,,,
pattern,14,,,
cost,17,,,
improved,23,,,
flow,157,,,
architectures,4,,,
compression,21,,,
utilizing,12,,,
enhanced,4,,,
efficiency,17,,,
netlist,3,,,
static,29,,,
configuration,6,,,
computer,13,,,
simulation,163,,,
switching,8,,,
system,124,,,
asynchronous,4,,,
synchronous,5,,,
commercial,3,,,
speech,4,,,
coding,3,,,
heuristic,3,,,
level,14,,,
hybrid,49,,,
new,89,,,
enhance,5,,,
quality,14,,,
service,3,,,
data,30,,,
mobile,10,,,
cloud,5,,,
response,49,,,
allocation,11,,,
table,8,,,
contents,4,,,
microgrid,8,,,
methods,35,,,
factors,23,,,
ac,12,,,
field,53,,,
arbitrary,3,,,
distance,7,,,
size,14,,,
long,11,,,
cracks,14,,,
metals,11,,,
interaction,42,,,
fuzzy,56,,,
clustering,6,,,
defects,5,,,
materials,27,,,
surface,88,,,
modeling,115,,,
inclined,5,,,
lightning,4,,,
stroke,3,,,
channels,6,,,
break,4,,,
points,6,,,
finding,4,,,
expert,4,,,
coordination,3,,,
wavelet,16,,,
reconstruction,5,,,
fatigue,21,,,
crack,27,,,
depth,11,,,
profile,7,,,
signals,6,,,
ground,21,,,
electrodes,6,,,
buried,7,,,
soil,61,,,
when,3,,,
subjected,26,,,
surge,4,,,
currents,3,,,
rectangular,30,,,
openended,3,,,
shape,25,,,
output,9,,,
waveguide,6,,,
probe,6,,,
scanning,3,,,
risk,19,,,
special,9,,,
online,5,,,
transient,22,,,
instability,12,,,
thinwire,3,,,
radar,5,,,
target,6,,,
optimal,61,,,
maximum,12,,,
likelihood,4,,,
filter,18,,,
eddy,9,,,
current,19,,,
images,9,,,
electromagnetic,4,,,
channel,28,,,
electric,17,,,
integral,6,,,
equation,20,,,
domain,15,,,
structures,64,,,
media,15,,,
greens,3,,,
basis,4,,,
solving,8,,,
used,11,,,
induction,12,,,
magnetic,28,,,
array,10,,,
location,11,,,
substrate,6,,,
decentralized,4,,,
cooperative,5,,,
control,129,,,
strategy,7,,,
autonomous,4,,,
microgrids,13,,,
twostage,3,,,
energy,79,,,
loss,12,,,
minimization,5,,,
smart,9,,,
independent,3,,,
distributed,9,,,
dg,4,,,
introducing,5,,,
dc,11,,,
reactive,7,,,
considerations,5,,,
fuel,42,,,
stability,61,,,
frequency,27,,,
voltage,22,,,
constraints,6,,,
optimum,16,,,
renewable,6,,,
reliability,16,,,
indices,6,,,
feedback,9,,,
hvdc,4,,,
transmission,12,,,
effects,117,,,
complex,10,,,
wire,3,,,
located,6,,,
differential,10,,,
contingency,3,,,
application,45,,,
ahp,5,,,
transformer,3,,,
internal,14,,,
test,32,,,
robust,20,,,
theory,42,,,
genetic,31,,,
policy,3,,,
calculation,12,,,
emission,14,,,
suitable,5,,,
source,12,,,
converters,4,,,
load,48,,,
determination,35,,,
operation,12,,,
units,6,,,
grids,4,,,
gridconnected,5,,,
generators,3,,,
mode,45,,,
site,7,,,
through,29,,,
mean,3,,,
probabilistic,18,,,
pv,3,,,
damping,8,,,
direct,13,,,
lyapunov,3,,,
dual,13,,,
wind,47,,,
farms,4,,,
converter,4,,,
cell,37,,,
three,9,,,
phase,31,,,
modified,37,,,
pid,4,,,
controller,22,,,
intelligent,7,,,
utilization,3,,,
hierarchy,5,,,
ranking,7,,,
simple,12,,,
offshore,8,,,
photovoltaic,12,,,
connected,6,,,
development,36,,,
arc,5,,,
discharge,19,,,
acoustic,8,,,
surfaces,8,,,
fractional,3,,,
order,25,,,
sharing,5,,,
ga,3,,,
partial,10,,,
nonlinear,77,,,
state,29,,,
bidirectional,5,,,
islanded,4,,,
pem,5,,,
battery,7,,,
storage,13,,,
green,4,,,
concept,7,,,
penetration,16,,,
sources,3,,,
environmental,11,,,
subject,6,,,
costs,3,,,
thermal,63,,,
electrical,12,,,
environment,17,,,
farm,3,,,
solar,24,,,
realtime,4,,,
condition,15,,,
isolated,8,,,
simultaneously,4,,,
variable,21,,,
length,10,,,
discrete,14,,,
denoising,5,,,
single,21,,,
gap,7,,,
optimized,5,,,
changing,3,,,
conditions,36,,,
motors,6,,,
digital,16,,,
studies,17,,,
random,5,,,
iranian,12,,,
standard,7,,,
lines,4,,,
harvesting,3,,,
communication,6,,,
presence,19,,,
solid,23,,,
oxide,20,,,
cells,12,,,
economic,10,,,
biomass,4,,,
index,20,,,
predict,8,,,
point,10,,,
content,5,,,
committees,3,,,
program,3,,,
term,4,,,
forecasting,5,,,
turbine,46,,,
linear,22,,,
variations,9,,,
type,27,,,
combined,23,,,
unbalanced,4,,,
loads,24,,,
weighting,3,,,
security,7,,,
combination,11,,,
assessment,60,,,
simplified,3,,,
stochastic,11,,,
agents,5,,,
vehicle,26,,,
station,4,,,
grid,6,,,
support,6,,,
var,4,,,
enhancing,3,,,
motor,12,,,
cascade,6,,,
constrained,7,,,
remote,3,,,
cmos,4,,,
compressor,11,,,
binary,6,,,
multipliers,3,,,
automatic,10,,,
reverse,8,,,
engineering,15,,,
low,18,,,
simulated,10,,,
annealing,8,,,
fieldprogrammable,3,,,
pinconstrained,3,,,
microfluidic,11,,,
biochip,3,,,
feasibility,7,,,
rf,4,,,
drug,5,,,
discovery,4,,,
cad,3,,,
flexible,17,,,
platform,4,,,
networked,4,,,
threedimensional,18,,,
carbon,38,,,
nanotube,8,,,
jit,6,,,
case,70,,,
error,5,,,
lightweight,7,,,
car,6,,,
navigation,6,,,
wireless,3,,,
side,14,,,
attack,13,,,
path,12,,,
passive,9,,,
assignment,6,,,
noise,11,,,
full,3,,,
dna,6,,,
geometrical,5,,,
attacks,4,,,
higherorder,3,,,
real,10,,,
cycles,6,,,
vulnerability,7,,,
terms,6,,,
injection,17,,,
accuracy,10,,,
localized,4,,,
mapping,3,,,
highperformance,4,,,
social,4,,,
silicon,5,,,
track,4,,,
influence,38,,,
composition,5,,,
fluctuation,5,,,
band,5,,,
higher,7,,,
fabrication,9,,,
feasible,3,,,
solution,39,,,
future,3,,,
constant,8,,,
cycle,32,,,
segmentation,3,,,
classification,4,,,
region,8,,,
color,4,,,
transfer,73,,,
their,10,,,
global,5,,,
object,7,,,
descriptor,3,,,
recognition,5,,,
manipulation,4,,,
perception,4,,,
project,14,,,
coupling,5,,,
singular,4,,,
spatial,7,,,
motion,17,,,
tracking,13,,,
local,15,,,
search,5,,,
sensing,3,,,
spectral,7,,,
properties,99,,,
image,11,,,
sequences,4,,,
2d,11,,,
via,18,,,
survey,3,,,
??????,18,,,
???,188,,,
??????,6,,,
??????,5,,,
???,14,,,
??????,32,,,
??????,5,,,
twodimensional,8,,,
compressible,5,,,
twophase,13,,,
flows,8,,,
brace,5,,,
end,8,,,
ductility,10,,,
braced,16,,,
frames,55,,,
effective,30,,,
solutions,10,,,
mixed,17,,,
convection,23,,,
porous,38,,,
medium,12,,,
tensile,17,,,
basalt,3,,,
fiber,35,,,
reinforced,95,,,
matrix,7,,,
composites,11,,,
shock,5,,,
developing,15,,,
reliable,3,,,
software,4,,,
rules,3,,,
vertical,39,,,
angle,13,,,
sshaped,3,,,
diesel,9,,,
engine,24,,,
elasticity,5,,,
rate,18,,,
constitutive,8,,,
equations,13,,,
buckling,26,,,
steel,143,,,
cylindrical,30,,,
shells,13,,,
elliptical,7,,,
cutout,6,,,
axial,25,,,
sensor,12,,,
fusion,4,,,
fracture,27,,,
mechanics,5,,,
different,71,,,
rocks,5,,,
notch,3,,,
periodic,4,,,
connections,15,,,
prestressed,4,,,
concrete,184,,,
bridges,19,,,
investigating,49,,,
onedimensional,5,,,
generalized,7,,,
problems,10,,,
free,57,,,
explicit,3,,,
finite,57,,,
volume,14,,,
triangular,9,,,
mesh,3,,,
irregular,5,,,
waves,13,,,
wave,14,,,
laboratory,23,,,
bearing,18,,,
capacity,45,,,
soils,30,,,
horizontal,13,,,
cyclic,27,,,
loadings,4,,,
selection,12,,,
uncertain,4,,,
seismic,95,,,
density,20,,,
states,3,,,
frp,12,,,
strengthening,6,,,
boundary,30,,,
elements,15,,,
slender,4,,,
rc,30,,,
shear,96,,,
wall,51,,,
studying,5,,,
damper,16,,,
frame,30,,,
far,5,,,
earthquake,24,,,
excitations,3,,,
trajectory,11,,,
two,36,,,
robot,17,,,
manipulators,6,,,
rigid,7,,,
mixture,13,,,
selfconsolidating,5,,,
minimum,9,,,
cement,22,,,
paste,3,,,
uncertainties,9,,,
production,16,,,
approaches,6,,,
gas,51,,,
forces,7,,,
vibration,87,,,
thin,9,,,
circular,26,,,
fgm,6,,,
plate,36,,,
coupled,17,,,
piezoelectric,20,,,
layers,13,,,
pollutants,8,,,
combustion,24,,,
burners,4,,,
multi,19,,,
range,4,,,
due,19,,,
thermodynamic,18,,,
opening,8,,,
angles,8,,,
continuous,9,,,
valve,3,,,
freezing,3,,,
mechanical,65,,,
stabilized,6,,,
lime,9,,,
polypropylene,9,,,
toughness,10,,,
pipeline,3,,,
grade,3,,,
api,3,,,
x65,3,,,
synthetic,10,,,
artificial,25,,,
models,36,,,
enclosure,9,,,
walls,41,,,
movement,4,,,
direction,6,,,
nanofluid,29,,,
deformation,20,,,
nanotubes,16,,,
shell,10,,,
potential,11,,,
selected,3,,,
information,10,,,
dam,20,,,
liquidvapor,3,,,
crosssection,4,,,
flux,15,,,
vector,7,,,
splitting,3,,,
cable,8,,,
robots,14,,,
fem,5,,,
turbulence,7,,,
blade,18,,,
loading,56,,,
calculations,4,,,
exterior,3,,,
beamcolumn,7,,,
connection,11,,,
comparison,64,,,
structural,18,,,
code,11,,,
furnace,3,,,
increase,3,,,
friction,16,,,
compensation,4,,,
coriolis,3,,,
mass,17,,,
cancer,4,,,
modelling,16,,,
kinetics,6,,,
ore,3,,,
chaotic,4,,,
extended,11,,,
spectrum,3,,,
primary,3,,,
cracked,6,,,
cantilever,7,,,
beam,29,,,
grout,3,,,
pressure,48,,,
grouting,4,,,
achieve,3,,,
layer,17,,,
cylinders,10,,,
?????,75,,,
????,124,,,
?????,43,,,
????,7,,,
?????,6,,,
??????????,19,,,
?????,55,,,
??????,4,,,
????,5,,,
???,3,,,
?????,7,,,
?????,62,,,
??????,5,,,
??,16,,,
???,23,,,
????,8,,,
????,40,,,
?????,4,,,
????,3,,,
??,5,,,
?????,5,,,
????,25,,,
?????,6,,,
?????,5,,,
???,6,,,
??????,3,,,
??????,61,,,
?????,6,,,
?????,35,,,
??????,11,,,
??????,10,,,
?????,7,,,
?????,31,,,
?????,195,,,
???????,13,,,
??????,8,,,
?????????,5,,,
????,3,,,
???,9,,,
????,8,,,
????,25,,,
???,110,,,
???,3,,,
?????,15,,,
???????,9,,,
????????,3,,,
????,4,,,
??,10,,,
??????,19,,,
?????,22,,,
?????,6,,,
???,7,,,
?????,7,,,
??????,8,,,
??????,9,,,
????,9,,,
???????,5,,,
???,4,,,
?????,3,,,
???????,8,,,
???????,24,,,
?????????,4,,,
????,6,,,
permanent,5,,,
machines,3,,,
thermoeconomic,6,,,
life,10,,,
interference,3,,,
specimens,7,,,
calibration,7,,,
modulus,10,,,
asphalt,29,,,
presenting,3,,,
relationship,10,,,
drilling,8,,,
mud,5,,,
oil,15,,,
wells,5,,,
carbonate,8,,,
fields,8,,,
deterioration,3,,,
pavements,12,,,
roughness,11,,,
mineral,6,,,
moisture,11,,,
damage,41,,,
key,5,,,
mix,6,,,
powder,15,,,
compressive,16,,,
strength,75,,,
stage,4,,,
weirs,7,,,
plan,3,,,
element,63,,,
microchannel,16,,,
particle,19,,,
centrifugal,4,,,
platforms,3,,,
pipe,16,,,
uplift,7,,,
force,21,,,
hydraulic,31,,,
gradient,9,,,
seepage,10,,,
gravity,10,,,
dams,17,,,
coefficient,24,,,
spillways,5,,,
upstream,4,,,
slope,10,,,
axis,11,,,
joints,14,,,
gabion,4,,,
stepped,10,,,
kinematic,7,,,
four,3,,,
degrees,5,,,
freedom,4,,,
torque,5,,,
bracing,8,,,
equipped,20,,,
yielding,4,,,
scour,8,,,
pier,5,,,
group,10,,,
pile,9,,,
collar,5,,,
liquid,13,,,
jets,4,,,
injected,3,,,
transversely,3,,,
crossflow,3,,,
assessing,5,,,
shortterm,3,,,
turbulent,11,,,
hazard,7,,,
demand,8,,,
curve,10,,,
moment,37,,,
resisting,12,,,
ordinary,3,,,
fly,3,,,
ash,3,,,
slag,7,,,
techniques,9,,,
mixtures,17,,,
darrieus,3,,,
morphing,3,,,
tolerant,3,,,
backstepping,3,,,
terminal,4,,,
sliding,19,,,
incompressible,4,,,
amplitude,3,,,
heat,114,,,
flapping,3,,,
thrust,4,,,
vibrations,15,,,
graphene,11,,,
pipes,11,,,
conveying,5,,,
fluid,59,,,
shedding,3,,,
relative,10,,,
stiffness,16,,,
eccentric,8,,,
square,9,,,
cylinder,17,,,
tunnel,19,,,
lining,4,,,
tail,4,,,
formulation,5,,,
microplate,4,,,
explosive,3,,,
underground,8,,,
demands,4,,,
geometric,14,,,
vibrational,3,,,
various,15,,,
elastic,23,,,
foundations,7,,,
waste,22,,,
recovery,7,,,
reactivity,3,,,
controlled,4,,,
ignition,6,,,
comparative,12,,,
macro,5,,,
micro,20,,,
fibers,24,,,
or,5,,,
plastic,17,,,
shrinkage,6,,,
cracking,11,,,
???????,4,,,
???,3,,,
???,77,,,
????????,4,,,
??????,24,,,
????,24,,,
?????,4,,,
?????,5,,,
??????,6,,,
?????,7,,,
?????,6,,,
?????,6,,,
????,8,,,
??????,18,,,
?????,54,,,
?????,19,,,
?????,7,,,
???,10,,,
?????,9,,,
???,5,,,
???,16,,,
?????,4,,,
closed,6,,,
????????,6,,,
????,14,,,
antenna,7,,,
gain,3,,,
????,15,,,
?????,10,,,
????,12,,,
????,34,,,
?????,8,,,
???????,8,,,
????,15,,,
???,25,,,
??????,27,,,
?????,10,,,
?????,9,,,
?????,82,,,
?????????,9,,,
???,8,,,
???????,153,,,
?????,4,,,
????,22,,,
???????,6,,,
?????,41,,,
????,11,,,
???,15,,,
?????,11,,,
??????,8,,,
?????,5,,,
??????,9,,,
????,9,,,
??,4,,,
????????,36,,,
construction,32,,,
industry,4,,,
iran,32,,,
spacecraft,4,,,
attitude,10,,,
saturation,6,,,
?????,6,,,
????????,17,,,
???????,18,,,
drop,14,,,
obstacles,6,,,
mine,5,,,
ventilation,11,,,
?????,8,,,
???,3,,,
??,34,,,
????,33,,,
????,25,,,
????,13,,,
??????,20,,,
factor,17,,,
safety,10,,,
risks,6,,,
?????,24,,,
columns,26,,,
sequence,4,,,
mathematical,7,,,
programming,10,,,
water,79,,,
cathode,6,,,
exchange,8,,,
membrane,17,,,
natural,40,,,
inside,11,,,
fin,4,,,
nonlocal,5,,,
boron,3,,,
nitride,4,,,
timoshenko,4,,,
nano,18,,,
couple,7,,,
stress,43,,,
karun,5,,,
river,14,,,
strategies,3,,,
scenarios,3,,,
??????,4,,,
???????,4,,,
???,3,,,
????,5,,,
???,28,,,
??????,33,,,
cooling,31,,,
change,19,,,
nanoparticles,14,,,
earthquakes,14,,,
?????,13,,,
?????,5,,,
????,13,,,
???,5,,,
????,63,,,
????,27,,,
dynamics,23,,,
nonnewtonian,14,,,
droplets,7,,,
phenomenon,8,,,
?????,19,,,
????????,11,,,
????,6,,,
?????,9,,,
????,20,,,
?????,6,,,
???,5,,,
plates,45,,,
bar,3,,,
masonry,11,,,
slabs,7,,,
timedelay,3,,,
actuator,11,,,
pushover,5,,,
inelastic,3,,,
drag,5,,,
simulations,3,,,
tube,23,,,
bending,16,,,
??????,49,,,
?????,20,,,
?????,10,,,
????,17,,,
????,5,,,
???,28,,,
?????,16,,,
????,16,,,
?????,66,,,
??????,29,,,
??????,5,,,
??,109,,,
?????,80,,,
??,14,,,
predicting,8,,,
sheets,13,,,
forming,15,,,
limit,19,,,
diagrams,3,,,
tests,11,,,
sand,36,,,
geogrid,6,,,
encased,4,,,
stone,8,,,
column,22,,,
???????,5,,,
?????,5,,,
??????,11,,,
slopes,7,,,
pipelines,7,,,
nearfield,5,,,
selfpurification,3,,,
steady,8,,,
intensity,4,,,
circumferential,3,,,
immersed,3,,,
spring,3,,,
deformable,3,,,
wastewater,24,,,
urban,16,,,
runoff,5,,,
regime,8,,,
climate,4,,,
west,4,,,
tehran,21,,,
shaped,6,,,
bridge,15,,,
polymer,25,,,
polymers,7,,,
parametric,21,,,
analyses,11,,,
series,4,,,
presentation,5,,,
gray,4,,,
imperialist,3,,,
competitive,6,,,
reservoir,16,,,
composite,56,,,
sandwich,19,,,
panel,14,,,
blast,11,,,
refrigeration,6,,,
first,4,,,
produced,9,,,
national,3,,,
vortexinduced,3,,,
beneath,4,,,
modes,10,,,
frequencies,5,,,
evaluating,19,,,
groundwater,8,,,
plain,8,,,
flat,15,,,
flame,14,,,
burner,7,,,
producing,3,,,
uniform,11,,,
characteristic,3,,,
orientation,3,,,
longitudinal,13,,,
contact,7,,,
tanks,8,,,
rolling,5,,,
common,4,,,
railway,6,,,
ii,7,,,
microstructure,8,,,
inconel,3,,,
joint,13,,,
typical,3,,,
help,3,,,
computational,13,,,
follower,3,,,
formation,13,,,
transportation,7,,,
??????,4,,,
??,27,,,
????,26,,,
?????,14,,,
????,5,,,
?????,9,,,
????,3,,,
??????,13,,,
?????,5,,,
?????,16,,,
???????,5,,,
???????,6,,,
???,3,,,
?????,17,,,
???????,7,,,
???,6,,,
??????,9,,,
???,7,,,
?????,12,,,
???,29,,,
?????,24,,,
????,13,,,
???,32,,,
?????,42,,,
??????,10,,,
??????,11,,,
??,21,,,
????,3,,,
????,4,,,
?????,16,,,
???,18,,,
????,6,,,
?????,11,,,
???????,3,,,
????,21,,,
?????,3,,,
????,8,,,
?????,10,,,
???,5,,,
???,18,,,
????????,7,,,
??????,4,,,
???,4,,,
???,7,,,
?????,6,,,
????,7,,,
????,33,,,
????,14,,,
???,4,,,
?????,11,,,
????,7,,,
????,6,,,
??????,7,,,
?????,4,,,
????????,4,,,
??????,4,,,
?????,9,,,
????,37,,,
????,18,,,
adobe,4,,,
lateral,22,,,
temperatures,8,,,
microstructural,3,,,
geopolymer,8,,,
manufacturing,11,,,
testing,7,,,
magnetorheological,5,,,
quasistatic,3,,,
unsteady,15,,,
identifying,5,,,
barriers,4,,,
private,3,,,
participation,3,,,
projects,18,,,
material,28,,,
thickness,13,,,
impact,37,,,
beams,40,,,
metal,21,,,
levels,5,,,
reinforcement,10,,,
corrosion,13,,,
velocity,19,,,
characteristics,37,,,
submerged,8,,,
stilling,3,,,
basins,3,,,
micromechanical,5,,,
wing,9,,,
secondary,4,,,
mechanisms,4,,,
quadrotor,5,,,
riccati,3,,,
analyzing,11,,,
activity,6,,,
dioxide,5,,,
largescale,3,,,
pavement,18,,,
maintenance,4,,,
sudden,3,,,
bed,11,,,
employing,3,,,
small,8,,,
evaporation,4,,,
multiscale,4,,,
fractured,3,,,
deep,15,,,
transform,13,,,
air,41,,,
concentration,12,,,
spillway,7,,,
responses,6,,,
panels,11,,,
linearization,5,,,
tip,8,,,
shapes,3,,,
sensitivity,18,,,
rotor,6,,,
pole,3,,,
diagram,7,,,
??????,30,,,
??,4,,,
????,21,,,
???,30,,,
??????,4,,,
agent,3,,,
job,3,,,
?????????,6,,,
????????,4,,,
??,50,,,
????,3,,,
??,9,,,
?????,19,,,
???????,9,,,
??????,22,,,
?????,4,,,
???????,4,,,
functionally,25,,,
graded,28,,,
thermoelastic,3,,,
thick,6,,,
temperaturedependent,3,,,
airplane,3,,,
dimensional,11,,,
width,6,,,
entropy,6,,,
criterion,7,,,
nozzle,4,,,
dimensions,7,,,
supply,6,,,
?????,5,,,
?????,10,,,
???????,16,,,
????,7,,,
???????,16,,,
????,9,,,
???,3,,,
tshaped,3,,,
ethanol,3,,,
ultimate,5,,,
building,23,,,
plane,5,,,
environments,6,,,
measures,3,,,
alluvial,3,,,
monte,7,,,
carlo,7,,,
scale,11,,,
external,6,,,
radial,7,,,
affecting,13,,,
floating,5,,,
sea,5,,,
zone,10,,,
rock,17,,,
durability,17,,,
sulfate,5,,,
proposed,6,,,
winding,3,,,
swarm,5,,,
discretetime,5,,,
highorder,5,,,
spectra,4,,,
central,4,,,
city,6,,,
varying,5,,,
adsorption,12,,,
lead,7,,,
copper,18,,,
cadmium,5,,,
ions,4,,,
plant,9,,,
???,8,,,
???,3,,,
???,6,,,
???,13,,,
????,3,,,
??????,4,,,
??????,7,,,
?????,5,,,
bone,4,,,
tissue,8,,,
modulation,5,,,
nonuniform,6,,,
sensation,5,,,
containing,33,,,
laws,4,,,
repaired,3,,,
sheet,12,,,
downstream,9,,,
cross,6,,,
sections,3,,,
hot,6,,,
uniaxial,3,,,
airfoil,5,,,
traffic,9,,,
glass,8,,,
laminate,5,,,
satellite,4,,,
increasing,11,,,
flexural,14,,,
absorption,14,,,
capability,6,,,
mortar,6,,,
regard,4,,,
????,27,,,
????,4,,,
???,4,,,
?????,5,,,
???,5,,,
transonic,3,,,
thermo,3,,,
non,7,,,
axisymmetric,3,,,
charge,8,,,
kalman,4,,,
gasification,3,,,
retaining,8,,,
adjacent,4,,,
layered,6,,,
saturated,8,,,
geometry,11,,,
results,15,,,
regions,6,,,
parameter,11,,,
intake,7,,,
manifold,7,,,
hysteresis,3,,,
?????????,5,,,
protocol,4,,,
??????,32,,,
??????,4,,,
??????????,32,,,
critical,22,,,
freeways,3,,,
????,5,,,
???????,6,,,
?????,24,,,
???,3,,,
??????,13,,,
???????,3,,,
??????,10,,,
????,20,,,
?????,10,,,
?????,9,,,
??????,9,,,
pwm,3,,,
?????,16,,,
??????,14,,,
???????,5,,,
??????????,3,,,
??????,5,,,
?????,12,,,
?????????,5,,,
??????,4,,,
?????,8,,,
?????,6,,,
???????,3,,,
????,18,,,
?????????,5,,,
?????,6,,,
??,19,,,
??????,5,,,
?????,4,,,
consolidation,5,,,
????????,29,,,
???????,10,,,
????,7,,,
???????,6,,,
??????,3,,,
????,15,,,
????,20,,,
?????,3,,,
???,4,,,
????,11,,,
????,9,,,
???,6,,,
?????,3,,,
???,5,,,
???,5,,,
?????,6,,,
?????,8,,,
????,9,,,
??????,6,,,
????,8,,,
?????,7,,,
???,3,,,
flooding,3,,,
????,4,,,
???,9,,,
?????,7,,,
???,3,,,
????,5,,,
????,7,,,
????,8,,,
????,9,,,
flood,3,,,
criteria,11,,,
decision,6,,,
making,3,,,
equilibrium,4,,,
molecular,12,,,
buildings,30,,,
displacement,8,,,
hollow,4,,,
asymmetric,5,,,
dependent,7,,,
???????,6,,,
???????,12,,,
??????,4,,,
????,9,,,
????,9,,,
slip,9,,,
jump,5,,,
lattice,16,,,
boltzmann,16,,,
zinc,4,,,
??????,5,,,
?????,4,,,
?????,3,,,
?????,4,,,
???????,30,,,
????,11,,,
?????,5,,,
???,6,,,
????,5,,,
?????,5,,,
absorber,5,,,
basin,3,,,
still,4,,,
?????,3,,,
????,3,,,
?????,3,,,
?????,3,,,
foam,9,,,
influencing,4,,,
restrained,3,,,
nearfault,11,,,
????,3,,,
??????,3,,,
?????,11,,,
collapse,16,,,
????,4,,,
??????,3,,,
adjustment,4,,,
stressstrain,3,,,
strip,7,,,
municipal,5,,,
ship,3,,,
interface,11,,,
morphology,3,,,
bond,8,,,
???,14,,,
????,13,,,
????,3,,,
???,10,,,
????,6,,,
????????,5,,,
????,4,,,
???,7,,,
???,4,,,
sample,5,,,
????,29,,,
???,8,,,
???,13,,,
?????,20,,,
??????,4,,,
?????,3,,,
quantitative,4,,,
use,14,,,
tower,6,,,
permeability,12,,,
measurements,4,,,
drainage,5,,,
rotating,17,,,
droplet,7,,,
passing,3,,,
rotational,3,,,
disturbance,3,,,
pitch,3,,,
rollercompacted,3,,,
oscillations,3,,,
unequal,3,,,
hole,9,,,
continuum,6,,,
compaction,4,,,
grained,3,,,
ultrasonic,12,,,
designed,6,,,
hammer,5,,,
growth,10,,,
propagation,11,,,
individual,3,,,
indoor,4,,,
pool,9,,,
arrangements,5,,,
inlet,7,,,
dispersion,7,,,
processes,3,,,
clay,29,,,
empirical,8,,,
condensation,3,,,
mixing,8,,,
double,15,,,
adding,7,,,
hyperelastic,5,,,
removal,20,,,
turbidity,3,,,
circulation,3,,,
steam,7,,,
generator,12,,,
one,5,,,
loop,4,,,
straight,5,,,
welded,9,,,
aerodynamic,10,,,
conventional,3,,,
turbines,4,,,
flutter,5,,,
machine,16,,,
????,14,,,
?????,3,,,
???????,18,,,
???,4,,,
????,15,,,
?????,9,,,
????,7,,,
?????,10,,,
?????,3,,,
decoupled,3,,,
reduced,6,,,
???????,4,,,
?????,7,,,
????????,5,,,
?????,3,,,
??????,6,,,
????????,13,,,
?????,4,,,
???,4,,,
????,7,,,
?????,26,,,
inverse,6,,,
????,8,,,
unsaturated,3,,,
triaxial,8,,,
device,5,,,
identification,20,,,
ambient,3,,,
highly,4,,,
topology,4,,,
metro,3,,,
spherical,7,,,
second,10,,,
strain,14,,,
induced,10,,,
smooth,3,,,
stabilization,15,,,
derivative,3,,,
geotechnical,4,,,
providing,4,,,
roads,6,,,
emphasis,6,,,
hydrodynamics,6,,,
choice,3,,,
mashhad,5,,,
cavitation,3,,,
multiphase,3,,,
jet,12,,,
swirl,4,,,
soilstructure,7,,,
farfield,4,,,
controllers,7,,,
cleaning,3,,,
vibroacoustic,3,,,
fourier,6,,,
transport,11,,,
particles,14,,,
vortex,10,,,
human,5,,,
carotid,4,,,
artery,10,,,
??????,4,,,
?????,4,,,
???,6,,,
????,9,,,
????,10,,,
??????,3,,,
?????,3,,,
?????,10,,,
????,6,,,
??????,3,,,
position,7,,,
?????,5,,,
????,12,,,
?????,3,,,
magneto,3,,,
hydrodynamic,11,,,
?????,9,,,
?????,5,,,
????????,9,,,
????,3,,,
????,8,,,
????,6,,,
optical,4,,,
twisted,3,,,
nanorods,3,,,
?????,14,,,
????,9,,,
????,4,,,
????,14,,,
???,8,,,
?????,4,,,
????,4,,,
?????,5,,,
?????,5,,,
????,4,,,
????,4,,,
according,4,,,
line,5,,,
laminates,4,,,
shielding,3,,,
effectiveness,8,,,
metallic,9,,,
technology,6,,,
it,5,,,
mining,6,,,
thermomechanical,3,,,
core,17,,,
transverse,9,,,
lowvelocity,6,,,
anisotropic,4,,,
road,9,,,
concretes,8,,,
mortars,6,,,
limestone,3,,,
strong,3,,,
motions,9,,,
premixed,6,,,
organic,6,,,
stiffeners,6,,,
doppler,3,,,
damaged,6,,,
??????,7,,,
?????,11,,,
experiment,4,,,
residual,11,,,
welding,16,,,
stainless,11,,,
laser,6,,,
apparatus,5,,,
spacing,3,,,
projectiles,3,,,
analytic,4,,,
impacts,8,,,
function,19,,,
drivers,3,,,
????,3,,,
????,3,,,
failure,26,,,
behaviour,4,,,
corner,5,,,
earth,12,,,
highstrength,3,,,
wheel,3,,,
eigenvalue,3,,,
made,10,,,
exhaust,6,,,
silica,15,,,
reaction,7,,,
?????,5,,,
rail,4,,,
stations,3,,,
gis,6,,,
?????,3,,,
foundation,12,,,
prismatic,3,,,
diagnosis,6,,,
suspension,4,,,
bifurcation,6,,,
body,7,,,
chain,3,,,
value,6,,,
sodium,4,,,
acid,8,,,
?????,8,,,
vapor,4,,,
compounds,3,,,
pollution,8,,,
ratio,15,,,
cfrp,8,,,
strengthened,5,,,
tension,7,,,
fines,4,,,
granular,10,,,
??????,15,,,
???,6,,,
???,6,,,
????,5,,,
?????,5,,,
?????,12,,,
????,3,,,
???,5,,,
????,3,,,
?????,3,,,
???,3,,,
??,5,,,
????,3,,,
?????,3,,,
??????,6,,,
???,3,,,
????????,11,,,
???????,6,,,
????,3,,,
?????????,3,,,
?????,7,,,
?????,4,,,
?????,18,,,
?????,5,,,
?????,3,,,
??????,4,,,
???????,6,,,
????,6,,,
???,7,,,
????,13,,,
????,8,,,
?????,6,,,
???????,5,,,
?????,3,,,
?????????,4,,,
???????,4,,,
???,3,,,
????,11,,,
???,3,,,
?????,14,,,
wam,3,,,
skewed,3,,,
????????,3,,,
?????,3,,,
????,4,,,
???????,5,,,
????,5,,,
????,6,,,
?????,4,,,
?????,13,,,
?????,5,,,
????,6,,,
??,3,,,
replacement,5,,,
braces,4,,,
equivalent,9,,,
fixed,4,,,
concepts,3,,,
??????,7,,,
nox,5,,,
emissions,4,,,
wake,3,,,
???????,4,,,
????,11,,,
?????,15,,,
kinetic,10,,,
activated,5,,,
affected,4,,,
??????,3,,,
???,3,,,
??????,3,,,
???????,6,,,
???????,3,,,
??????,5,,,
chemical,9,,,
recycled,9,,,
????,3,,,
???,7,,,
?????,7,,,
??????,4,,,
????,4,,,
????,4,,,
theoretical,17,,,
metaheuristic,5,,,
delivery,6,,,
?????,5,,,
retrofitting,4,,,
deficient,3,,,
hypersonic,4,,,
stresses,9,,,
???,7,,,
???????,4,,,
determining,16,,,
???,5,,,
???,4,,,
??????????,3,,,
?????,4,,,
province,6,,,
compound,3,,,
open,3,,,
expanded,3,,,
section,7,,,
multilayer,8,,,
boiling,11,,,
compared,3,,,
phenomena,3,,,
heavy,8,,,
contaminants,3,,,
sandy,14,,,
values,6,,,
liquefactioninduced,3,,,
spreading,4,,,
pulse,4,,,
navierstokes,3,,,
breakup,3,,,
sabalan,3,,,
geothermal,5,,,
liquefied,3,,,
cold,12,,,
sediments,5,,,
suspended,3,,,
holes,5,,,
number,8,,,
arrangement,3,,,
initial,6,,,
conductivity,3,,,
bayesian,8,,,
looseness,3,,,
flange,4,,,
????,3,,,
prosthesis,3,,,
blowing,4,,,
coefficients,8,,,
aircraft,8,,,
fan,3,,,
pso,4,,,
???????,4,,,
?????????,5,,,
???,4,,,
???????,23,,,
?????,8,,,
??,3,,,
??????,10,,,
???,17,,,
?????,5,,,
?????,3,,,
??,6,,,
???,3,,,
?????,10,,,
??????????????,3,,,
????,6,,,
?????,4,,,
????,15,,,
??????,3,,,
class,4,,,
perturbation,4,,,
?????,3,,,
??????,5,,,
??????,4,,,
???,4,,,
???,3,,,
??,3,,,
?????,13,,,
?????,5,,,
locations,3,,,
ehv,3,,,
??????????,3,,,
?????,3,,,
????????,8,,,
????,6,,,
cementitious,7,,,
admixtures,4,,,
drops,3,,,
gradually,3,,,
expanding,5,,,
hyperbolic,3,,,
manipulator,3,,,
rehabilitation,3,,,
seawater,3,,,
marine,3,,,
normal,7,,,
blood,4,,,
rheological,3,,,
bitumen,4,,,
dissipation,10,,,
ductile,3,,,
fluids,5,,,
actuators,6,,,
cables,3,,,
prioritization,7,,,
north,4,,,
localization,3,,,
isolation,6,,,
resonance,5,,,
resting,5,,,
????????,3,,,
?????,8,,,
???????,8,,,
????,3,,,
????????,3,,,
??????,3,,,
?????,13,,,
?????,3,,,
?????,5,,,
?????,8,,,
??????,8,,,
???,4,,,
???,4,,,
?????,7,,,
???????,4,,,
?????,3,,,
?????,3,,,
?????,11,,,
derivation,3,,,
???????,5,,,
??????,8,,,
??????,3,,,
???????,3,,,
forced,10,,,
convective,6,,,
rotary,4,,,
roll,10,,,
grinding,5,,,
extension,3,,,
?????,4,,,
????,5,,,
?????,6,,,
????,7,,,
??????,3,,,
???????,3,,,
?????,11,,,
??????,7,,,
concretefilled,3,,,
tubular,7,,,
tall,12,,,
resistance,20,,,
retrofitted,8,,,
integration,4,,,
vehicles,7,,,
?????,3,,,
????,5,,,
torsion,5,,,
constraint,5,,,
sands,8,,,
conduction,6,,,
filled,6,,,
harmonic,3,,,
form,5,,,
advanced,5,,,
infrastructure,3,,,
observer,5,,,
electrolyte,7,,,
stir,9,,,
spot,5,,,
weld,3,,,
attenuation,4,,,
ball,5,,,
optimizing,7,,,
hard,3,,,
mr,5,,,
contamination,3,,,
bentonite,3,,,
nanoclay,6,,,
amplifier,4,,,
aluminum,22,,,
alloy,17,,,
austenitic,5,,,
lap,4,,,
radius,4,,,
flotation,6,,,
changes,6,,,
members,4,,,
axially,6,,,
???????,5,,,
al2o3water,5,,,
cavity,12,,,
???,7,,,
?????,11,,,
torsional,8,,,
radiation,6,,,
evaluate,8,,,
frictional,3,,,
validation,6,,,
driven,6,,,
leachate,5,,,
ph,3,,,
collapsible,3,,,
fire,8,,,
accident,6,,,
plasticity,6,,,
?????,3,,,
??????,3,,,
???,13,,,
????,10,,,
????,5,,,
????,3,,,
???,4,,,
????,3,,,
????,4,,,
????,4,,,
????,4,,,
?????,12,,,
?????,4,,,
????,5,,,
?????,9,,,
pure,3,,,
??????,4,,,
?????,6,,,
????,4,,,
??????,9,,,
??????,3,,,
??????,4,,,
????,3,,,
????,4,,,
??????,3,,,
?????,4,,,
???,5,,,
???????,3,,,
????,3,,,
amount,8,,,
types,4,,,
viscosity,5,,,
cover,3,,,
bars,7,,,
???,12,,,
??,3,,,
????,3,,,
?????,4,,,
?????,4,,,
drying,4,,,
???,5,,,
???????,3,,,
lag,3,,,
????,3,,,
?????,7,,,
???????,4,,,
?????,7,,,
???????,3,,,
viscoelastic,10,,,
reactor,8,,,
?????,3,,,
investigate,6,,,
mechanism,8,,,
red,5,,,
???????,4,,,
modification,7,,,
dampers,14,,,
areas,3,,,
??????,4,,,
????,6,,,
pwr,3,,,
warm,6,,,
hydroforming,6,,,
rubber,10,,,
scouring,4,,,
groups,4,,,
behavioral,3,,,
casing,4,,,
erosion,3,,,
increased,3,,,
tunnels,10,,,
hoekbrown,3,,,
excavation,7,,,
embedded,6,,,
tire,8,,,
hardness,3,,,
regression,5,,,
contaminated,5,,,
nanofluids,4,,,
operating,6,,,
deadend,3,,,
h2o2,3,,,
stack,4,,,
diffusion,8,,,
speeds,4,,,
objective,6,,,
microchannels,3,,,
semiactive,8,,,
incremental,8,,,
cohesive,6,,,
heating,8,,,
pump,9,,,
collector,6,,,
316l,3,,,
altitude,3,,,
?????,6,,,
???????,6,,,
???,11,,,
??????,4,,,
???,3,,,
?????????????,3,,,
??????,3,,,
????,3,,,
????????????,5,,,
?????,4,,,
??????,4,,,
??????,7,,,
?????,3,,,
??????,3,,,
?????,5,,,
????,4,,,
?????,4,,,
?????,3,,,
???????,3,,,
????,3,,,
?????,6,,,
??????,4,,,
????????,6,,,
??????,4,,,
?????????,3,,,
????????,11,,,
??,8,,,
????,3,,,
???,3,,,
weighted,6,,,
settlement,7,,,
aggregates,5,,,
momentum,3,,,
tree,3,,,
detecting,4,,,
flight,4,,,
imagebased,3,,,
orthogonal,4,,,
treatment,20,,,
nanocomposite,6,,,
contracts,3,,,
pollutant,5,,,
monitoring,9,,,
edge,3,,,
coronary,3,,,
???????,4,,,
aisi,5,,,
????,6,,,
????,3,,,
????,11,,,
????,5,,,
????,13,,,
?????,7,,,
??????,4,,,
formability,4,,,
pulsating,3,,,
tubes,6,,,
????,5,,,
??????,10,,,
????????,4,,,
cluster,3,,,
???,3,,,
upper,4,,,
selecting,3,,,
best,3,,,
isotropic,5,,,
stable,3,,,
combining,3,,,
?????????,3,,,
???????,7,,,
???????,3,,,
???????,3,,,
laminated,9,,,
outofplane,3,,,
modal,6,,,
base,12,,,
obstacle,3,,,
ann,3,,,
chaos,4,,,
landfill,3,,,
component,6,,,
kaolinite,3,,,
fabric,6,,,
tactile,8,,,
disk,4,,,
aspect,3,,,
exchanger,5,,,
sizedependent,3,,,
super,5,,,
part,6,,,
diversion,3,,,
?????,3,,,
very,3,,,
intermediate,3,,,
vessels,3,,,
difference,6,,,
????,8,,,
fully,5,,,
blasting,4,,,
loose,6,,,
porosity,5,,,
truss,3,,,
arch,4,,,
comfort,4,,,
room,7,,,
selective,4,,,
extraction,8,,,
components,6,,,
fragility,6,,,
curves,7,,,
wrapping,3,,,
???????,4,,,
??,3,,,
????,3,,,
????,3,,,
???,4,,,
?????,13,,,
????,8,,,
stope,3,,,
???????,6,,,
honeycomb,4,,,
?????,3,,,
??,7,,,
?????,4,,,
???????,8,,,
??????,6,,,
???,4,,,
????,3,,,
?????,9,,,
?????,4,,,
???,3,,,
???????,3,,,
??,8,,,
?????,4,,,
????,3,,,
expansion,7,,,
film,7,,,
partially,3,,,
???,7,,,
?????,4,,,
????,7,,,
????,6,,,
??????,3,,,
????,3,,,
persian,5,,,
gulf,5,,,
ratios,5,,,
fins,3,,,
opc,3,,,
???,3,,,
????,3,,,
?????????????,8,,,
?????,14,,,
????????,11,,,
????,4,,,
???????,3,,,
????,3,,,
patches,3,,,
osmosis,4,,,
golestan,3,,,
???,4,,,
main,4,,,
punching,3,,,
applied,5,,,
piano,3,,,
weir,4,,,
bipolar,3,,,
nickel,3,,,
???,4,,,
alloys,5,,,
other,3,,,
highrise,5,,,
eccentricity,3,,,
journal,4,,,
bearings,5,,,
annular,6,,,
steels,4,,,
progressive,5,,,
plasma,3,,,
cogeneration,3,,,
samples,3,,,
sbr,4,,,
abrasive,3,,,
falling,3,,,
inertia,3,,,
numbers,3,,,
???????,5,,,
?????,3,,,
??????,3,,,
????,5,,,
????,3,,,
?????,7,,,
???,3,,,
timeinvariant,3,,,
??????,8,,,
???,6,,,
???????,3,,,
biological,4,,,
reservoirs,3,,,
rivers,5,,,
pullout,6,,,
bolt,5,,,
correlation,8,,,
binder,3,,,
neurofuzzy,7,,,
inference,7,,,
coating,5,,,
sulfuric,4,,,
probability,5,,,
boundaries,4,,,
aquifer,7,,,
sink,8,,,
supersonic,10,,,
driving,3,,,
separation,8,,,
?????,7,,,
?????????,7,,,
???,4,,,
?????,4,,,
???????,4,,,
????????,3,,,
????,3,,,
??????????,3,,,
???????,3,,,
????,3,,,
???,9,,,
measuring,8,,,
??????????,7,,,
biomechanical,3,,,
supercritical,5,,,
dense,4,,,
feature,3,,,
chloride,7,,,
???????,3,,,
?????,3,,,
?????,7,,,
??????,7,,,
???,4,,,
????,3,,,
barrier,3,,,
experiments,5,,,
respect,4,,,
viscous,9,,,
????,5,,,
curing,4,,,
tool,5,,,
cutting,6,,,
work,5,,,
sag,3,,,
communications,4,,,
????????,6,,,
impinging,3,,,
postbuckled,3,,,
impulsive,4,,,
maneuver,4,,,
walled,4,,,
additives,3,,,
inflow,5,,,
fracturing,3,,,
supported,3,,,
thinwalled,5,,,
heated,4,,,
precast,4,,,
contaminant,5,,,
?????,7,,,
??????,5,,,
?????,6,,,
??????,3,,,
causes,4,,,
????,3,,,
?????,10,,,
????????,3,,,
???????,4,,,
???????,4,,,
?????,3,,,
?????????,3,,,
????????,3,,,
iii,4,,,
plants,5,,,
?????,3,,,
???,3,,,
??,3,,,
outlet,3,,,
existing,5,,,
?????,5,,,
?????,4,,,
piping,3,,,
designing,9,,,
nuclear,4,,,
????,3,,,
crystal,6,,,
co,3,,,
office,3,,,
??????,6,,,
????,9,,,
????,4,,,
??????,3,,,
how,3,,,
fluidstructure,5,,,
???,8,,,
?????,3,,,
???,6,,,
ion,6,,,
spray,4,,,
ensemble,3,,,
susceptibility,3,,,
intrusion,4,,,
borehole,4,,,
elevated,3,,,
round,4,,,
pressures,4,,,
nitrate,5,,,
trigeneration,3,,,
reformer,3,,,
undrained,3,,,
????,3,,,
????,3,,,
?????,6,,,
????,3,,,
??,3,,,
??????,6,,,
???????,5,,,
?????????,3,,,
?????,3,,,
???,3,,,
????,3,,,
distributions,4,,,
harvester,3,,,
footing,5,,,
diffuser,4,,,
indicators,4,,,
trapezoidal,6,,,
curved,12,,,
simulating,3,,,
anfis,3,,,
effluent,3,,,
helicopter,3,,,
height,4,,,
?????,10,,,
?????,3,,,
????,5,,,
?????,7,,,
??????,4,,,
????,6,,,
???????,7,,,
?????,3,,,
?????,11,,,
integer,3,,,
???,3,,,
drawing,3,,,
cone,3,,,
predictive,3,,,
conical,9,,,
helical,5,,,
exergy,10,,,
??????,4,,,
fume,4,,,
drilled,3,,,
rest,4,,,
????,3,,,
????,4,,,
???,3,,,
??????,3,,,
??????,3,,,
heater,7,,,
industrial,5,,,
sets,3,,,
electroosmotic,3,,,
quartz,5,,,
dry,3,,,
paths,4,,,
rca,3,,,
procedure,7,,,
sediment,8,,,
?????,4,,,
????,9,,,
???????,3,,,
investigations,3,,,
?????,4,,,
?????,3,,,
???????,5,,,
????,5,,,
???,5,,,
???,5,,,
milling,7,,,
die,4,,,
subsurface,5,,,
?????,3,,,
greenhouse,4,,,
???????,3,,,
?????,3,,,
????????,5,,,
reforming,4,,,
records,4,,,
strips,3,,,
rebars,3,,,
wear,4,,,
graphite,7,,,
explosion,3,,,
company,3,,,
spraying,3,,,
accumulative,4,,,
vessel,3,,,
oblique,4,,,
dye,3,,,
curvature,6,,,
guidance,4,,,
law,5,,,
????,7,,,
?????,4,,,
??????,3,,,
?????,3,,,
????,3,,,
????,3,,,
????,3,,,
firstorder,3,,,
aqueous,4,,,
tuned,6,,,
bodies,3,,,
????????,4,,,
???????????,3,,,
?????,8,,,
crumb,4,,,
machining,8,,,
trends,3,,,
silty,5,,,
piers,6,,,
bound,3,,,
gear,3,,,
precision,3,,,
????????,3,,,
selfcompacting,5,,,
consideration,5,,,
companies,3,,,
??????,3,,,
sound,5,,,
repair,4,,,
applying,3,,,
????????,3,,,
?????,6,,,
rod,3,,,
electrochemical,5,,,
?????,3,,,
?????,3,,,
?????,3,,,
???,3,,,
??????,4,,,
?????,3,,,
?????,3,,,
clayey,7,,,
????,3,,,
floor,3,,,
shallow,3,,,
semi,5,,,
assisted,3,,,
zno,3,,,
bonding,3,,,
bubble,4,,,
gusset,3,,,
adhesive,3,,,
titanium,7,,,
melting,3,,,
extrusion,4,,,
???,3,,,
???????,3,,,
????,6,,,
?????,4,,,
????,3,,,
rigidity,3,,,
topsis,4,,,
wax,5,,,
review,5,,,
laminar,4,,,
feedforward,3,,,
nanosilica,3,,,
anchor,4,,,
airflow,3,,,
????,3,,,
fractal,3,,,
????,3,,,
cumulative,3,,,
footings,3,,,
lower,5,,,
processing,7,,,
targets,4,,,
no,4,,,
methane,5,,,
diameter,3,,,
turning,5,,,
step,4,,,
?????,4,,,
????,4,,,
caspian,3,,,
degree,3,,,
bolts,3,,,
nitrogen,3,,,
????,3,,,
????,3,,,
reactors,3,,,
????,3,,,
subway,6,,,
????,3,,,
occupants,3,,,
intense,3,,,
???????,4,,,
?????,3,,,
carrying,3,,,
smoothed,3,,,
instabilities,3,,,
additive,5,,,
most,3,,,
duration,3,,,
desalination,9,,,
?????,3,,,
?????,3,,,
??,3,,,
????,3,,,
face,3,,,
infilled,3,,,
consisting,3,,,
chamber,3,,,
elastomeric,3,,,
infill,4,,,
????????,3,,,
coiled,3,,,
graph,3,,,
product,3,,,
health,4,,,
pet,5,,,
developed,3,,,
rankine,3,,,
classical,3,,,
??????,5,,,
interfacial,4,,,
isfahan,5,,,
solvent,4,,,
perforated,5,,,
elastoplastic,3,,,
protective,3,,,
transition,3,,,
??,3,,,
????,4,,,
????,4,,,
markov,3,,,
planar,4,,,
tomography,6,,,
cationic,3,,,
products,3,,,
sedimentation,3,,,
??????,3,,,
???????,5,,,
????,3,,,
?????,3,,,
????,4,,,
???,3,,,
????,4,,,
reclaimed,3,,,
qazvin,3,,,
zeolite,9,,,
sdof,3,,,
hydrogen,8,,,
sinusoidal,3,,,
vertically,3,,,
excavations,3,,,
coaxial,3,,,
???,3,,,
rotation,3,,,
casting,3,,,
threshold,3,,,
suppression,3,,,
??????,3,,,
???????,3,,,
warp,4,,,
knitted,4,,,
fabrics,9,,,
coastal,3,,,
horizontally,3,,,
appropriate,3,,,
skimming,3,,,
????,3,,,
roller,4,,,
compacted,4,,,
?????,4,,,
??????,3,,,
???,4,,,
desiccant,3,,,
compartment,3,,,
abad,4,,,
ribs,3,,,
history,4,,,
????,3,,,
lowcost,3,,,
freezethaw,3,,,
???????,3,,,
???????,3,,,
?????,6,,,
????,4,,,
??????,4,,,
???,4,,,
????,4,,,
?????,3,,,
scrap,3,,,
truncated,3,,,
nonpremixed,3,,,
dust,3,,,
????,3,,,
??,3,,,
???,3,,,
????,3,,,
??????,3,,,
woven,4,,,
cotton,3,,,
yarns,3,,,
films,3,,,
molybdenum,3,,,
???,4,,,
iron,3,,,
cablestayed,5,,,
specimen,3,,,
????,5,,,
?????,3,,,
??????,3,,,
???,3,,,
??????????,9,,,
??????,3,,,
???,3,,,
??????,6,,,
momentresisting,4,,,
light,3,,,
multilayered,3,,,
least,3,,,
squares,3,,,
bottom,3,,,
jointed,3,,,
carbonepoxy,3,,,
workability,4,,,
aggregate,3,,,
????,3,,,
?????,4,,,
abrasion,3,,,
nmr,3,,,
exchangers,3,,,
ti6al4v,4,,,
pozzolan,3,,,
silk,3,,,
????,3,,,
??????,3,,,
inclusion,3,,,
electrode,4,,,
addition,3,,,
???????,5,,,
abs,3,,,
percentage,3,,,
????????,4,,,
precipitation,3,,,
sustainable,4,,,
features,4,,,
???????,3,,,
?????,3,,,
??????,3,,,
vision,4,,,
????,4,,,
???,4,,,
????,3,,,
??????,4,,,
????,5,,,
liquefiable,4,,,
???,4,,,
??????,3,,,
????,4,,,
??????,3,,,
????,3,,,
???????,3,,,
??????,3,,,
??????,5,,,
felt,4,,,
porphyry,3,,,
deposit,3,,,
????,4,,,
????,3,,,
???,3,,,
???????,3,,,
??????,3,,,
???,3,,,
??????,4,,,
????,3,,,
?????,3,,,
????,3,,,
????????,4,,,
